<?xml version="1.0" encoding="UTF-8"?>
<suite parallel="false" name="Suite">
  <test name="Test">
    <classes>
      
      <class name="com.testng.SecondTestNg"/>
       <class name="com.testng.ThirdTestng"/>
         <class name="com.testng2.NewTest2"/>
         <class name="com.testng.Parameterization"/>
         <parameter name="un" value="Riya"/>
         <parameter name="pwd" value="riya@1234"/>
         <parameter name="un1" value="standard_user"/>
         <parameter name="pwd1" value="secret_sauce"/>
    </classes>
  </test> <!-- Test -->
</suite> <!-- Suite -->
